{
  "sigma_nabla": 1.820866888351388e-29,
  "astar": 2.6702257809409074e-27,
  "y_eff": 0.006819149531654096,
  "nu": 12.62005994328195,
  "x_bar": 0.08605807585167773,
  "mu_bar": 0.07923892632002362,
  "Geff": 12.62005994328195,
  "D_bary": 0.4843521204161076,
  "D_DFD": 6.242584714704892,
  "D_LCDM": 0.7878126024808233,
  "D_ratio": 7.923946246920881,
  "sigma8_bary": 0.03926536934572457,
  "sigma8_DFD": 0.5060727189225094,
  "sigma8_LCDM": 0.493354296251313,
  "sigma8_ratio": 1.0257794910631886,
  "iterations": 32,
  "boost_D2": 166.11409274364223,
  "boost_nu2": 159.2659129720296,
  "regime": "DEEP MOND",
  "ratios_delta": {
    "0.02": 15.513104458431846,
    "0.05": 4.035665080206158,
    "0.1": 0.847910753725494,
    "0.15": 0.005386416019100544
  },
  "ratios_phi": {
    "0.02": 2470.7087446026103,
    "0.05": 642.7438834483728,
    "0.1": 135.04328031089256,
    "0.15": 0.8578724649292133
  }
}